group,role,side,price_band,n_trades,n_contracts,avg_price,win_rate,avg_fee_per_contract,gross_mean_pp,gross_ci_low_pp,gross_ci_high_pp,net_mean_pp,net_se_pp,net_ci_low_pp,net_ci_high_pp,z_net,largest_prefix,largest_share,n_with,net_mean_pp_with,net_ci_low_pp_with,net_ci_high_pp_with,n_without,net_mean_pp_without,net_ci_low_pp_without,net_ci_high_pp_without,pass_loco,top3_prefixes,top3_share_of_abs_pnl,twin_side,twin_n_trades,twin_net_mean_pp,domain_top5
World Events,taker,no,"[0.20,0.40)",13591,1152188,0.3187572658376884,0.5803840776984769,0.0199999999999999,26.16268118607909,25.333813339807094,26.9915490323511,24.16268118607904,0.4228917583020409,23.33381333980704,24.99154903235104,57.13679851103031,KXEPSTEIN,0.4686189390037525,13591,24.162681186079297,23.333761692758944,24.991600679399646,7222,-12.586264192744384,-13.527858933746487,-11.644669451742283,False,"['KXEPSTEIN', 'KXEPSTEINLIST', 'KXNOBELPEACE']",0.7815452248597496,yes,24716,-13.427294060527515,"[('KXEPSTEIN', 0.4686), ('KXOTEEPSTEIN', 0.1232), ('KXLAGODAYS', 0.0874), ('KXNEXTPOPE', 0.0768), ('KXEPSTEINLIST', 0.071)]"
World Events,maker,no,"[0.20,0.40)",16377,1201483,0.3085351407461685,0.5584050802955364,0.0099999999999998,24.98699395493685,24.225606870271136,25.74838103960256,23.98699395493681,0.3884627982988318,23.2256068702711,24.74838103960252,61.74849705037751,KXEPSTEIN,0.3697868962569457,16377,23.986993954937034,23.225606870271324,24.748381039602748,10321,-1.479023350450523,-2.374067715905217,-0.5839789849958286,False,"['KXEPSTEIN', 'KXNEXTPOPE', 'KXNOBELPEACE']",0.7497841553423901,yes,15844,-3.522216611966695,"[('KXEPSTEIN', 0.3698), ('KXOTEEPSTEIN', 0.1798), ('KXNEXTPOPE', 0.1098), ('KXLAGODAYS', 0.1042), ('KXEPSTEINLIST', 0.0787)]"
World Events,maker,no,"[0.05,0.20)",8384,1180056,0.1079902194656488,0.3220419847328244,0.0099999999999999,21.40517652671756,20.413940595368583,22.39641245806653,20.405176526717536,0.5057326180351902,19.413940595368565,21.396412458066507,40.34775650024949,KXEPSTEIN,0.2720658396946565,8384,20.40517652671758,19.413940595368604,21.396412458066553,6103,-4.715385875798793,-5.339940428398822,-4.090831323198764,False,"['KXEPSTEIN', 'KXEPSTEINLIST', 'KXEPSTEINBILL']",0.9272512917963631,yes,16885,-2.0497482973053134,"[('KXEPSTEIN', 0.2721), ('KXLAGODAYS', 0.2162), ('KXEPSTEINBILL', 0.1976), ('KXOTEEPSTEIN', 0.1002), ('KXEPSTEINLIST', 0.0945)]"
Media,maker,no,"[0.40,0.60)",52370,2079176,0.4918248997517662,0.6904525491693718,0.0099999999999999,19.86276494176055,19.46845081083416,20.25707907268694,18.862764941760556,0.2011806790440768,18.468450810834163,19.257079072686945,93.76032048101348,KXVANCEMENTION,0.06834065304563681,52370,18.862764941760553,18.468440042999667,19.25708984052144,48791,19.14933081920847,18.742230726632435,19.5564309117845,True,"['KXUFSD', 'KXEARNINGSMENTIONTGT', 'KXEARNINGSMENTIONNVDA']",0.2528447246059771,yes,28906,-15.74603888466062,"[('KXVANCEMENTION', 0.0683), ('KXEARNINGSMENTIONNVDA', 0.0615), ('KXTSAW', 0.0492), ('KXSNLMENTION', 0.0475), ('KXAPRPOTUS', 0.0448)]"
Media,maker,no,"[0.20,0.40)",43685,1871123,0.303319217122582,0.4923886917706306,0.0099999999999999,18.906947464804844,18.44501098174645,19.36888394786324,17.90694746480485,0.2356818791114268,17.445010981746453,18.36888394786325,75.97931386289872,KXTSAW,0.07808172141467323,43685,17.906947464804844,17.4450031134623,18.368891816147393,40274,19.47921736107662,18.997844773938255,19.960589948214984,True,"['KXEARNINGSMENTIONTGT', 'KXEARNINGSMENTIONHD', 'KXTSAW']",0.20139326800845658,yes,30088,-11.8010502525924,"[('KXTSAW', 0.0781), ('KXVANCEMENTION', 0.0659), ('KXEARNINGSMENTIONNVDA', 0.0486), ('KXSNLMENTION', 0.0454), ('KXAPRPOTUS', 0.0358)]"
Media,taker,no,"[0.40,0.60)",28896,1314066,0.4930270625692138,0.6408153377630121,0.0199999999999999,14.77882751937985,14.22976579824672,15.32788924051298,12.778827519379837,0.2801335311903722,12.229765798246708,13.327889240512963,45.61691513714452,KXTSAW,0.08309108527131782,28896,12.778827519379842,12.229753226199149,13.327901812560535,26495,14.98358180788828,14.418263975738292,15.548899640038268,True,"['KXTSAW', 'KXUFSD', 'KXEARNINGSMENTIONTGT']",0.2541846457900825,yes,52340,-21.53865112724494,"[('KXTSAW', 0.0831), ('KXEARNINGSMENTIONNVDA', 0.0672), ('KXVANCEMENTION', 0.0642), ('KXSNLMENTION', 0.0399), ('KXEARNINGSMENTIONGOOGL', 0.0377)]"
Media,maker,no,"[0.60,0.80)",50349,2235015,0.6886579673876343,0.8231543824107728,0.0099999999999999,13.449641502313847,13.117504649843578,13.781778354784116,12.44964150231385,0.1694575777909534,12.117504649843582,12.781778354784118,73.46759976512821,KXAPRPOTUS,0.0880851655444994,50349,12.449641502313845,12.117504345493012,12.78177865913468,45914,13.662412336106627,13.324127847886174,14.00069682432708,True,"['KXUFSD', 'KXVANCE', 'KXTSAW']",0.25843526654801474,yes,26101,-9.787479406919276,"[('KXAPRPOTUS', 0.0881), ('KXTSAW', 0.0827), ('KXVANCEMENTION', 0.049), ('KXSNLMENTION', 0.0432), ('KXEARNINGSMENTIONNVDA', 0.0387)]"
World Events,maker,no,"[0.40,0.60)",18122,1128353,0.4834929919434931,0.6136188058713167,0.0099999999999999,13.012581392782415,12.2955314762977,13.729631309267129,12.01258139278237,0.3658417941248542,11.295531476297654,12.729631309267084,32.83545397408237,KXEPSTEIN,0.5138505683699371,18122,12.012581392782277,11.295510332611688,12.729652452952866,8810,-29.63110102156637,-30.461703353278956,-28.800498689853782,False,"['KXEPSTEIN', 'KXEPSTEINLIST', 'KXNOBELPEACE']",0.8176288241038642,yes,18057,-15.254638090491712,"[('KXEPSTEIN', 0.5139), ('KXOTEEPSTEIN', 0.1054), ('KXEPSTEINLIST', 0.0961), ('KXLAGODAYS', 0.0888), ('KXEPSTEINBILL', 0.0683)]"
World Events,taker,no,"[0.40,0.60)",18266,1151130,0.4851220847476195,0.622358480236505,0.02,13.723639548888478,13.0175242615008,14.429754836276151,11.723639548888428,0.3602629017284058,11.017524261500752,12.429754836276103,32.54190063046408,KXEPSTEIN,0.5684879010182854,18266,11.72363954888854,11.017524261500865,12.429754836276217,7882,-38.12243085511295,-38.84994212500601,-37.394919585219895,False,"['KXEPSTEIN', 'KXEPSTEINLIST', 'KXEPSTEINBILL']",0.8326368117982216,yes,17567,-13.119371548926797,"[('KXEPSTEIN', 0.5685), ('KXEPSTEINBILL', 0.1221), ('KXOTEEPSTEIN', 0.1033), ('KXEPSTEINLIST', 0.0824), ('KXLAGODAYS', 0.0601)]"
Science/Tech,taker,no,"[0.60,0.80)",10155,902154,0.6965829640571146,0.8299359921221073,0.0199999999999998,13.33530280649926,12.603749824653368,14.066855788345151,11.335302806499277,0.3732413172683131,10.60374982465338,12.066855788345167,30.369903550497416,KXLLM1,0.29374692269817826,10155,11.33530280649926,10.603536054037377,12.067069558961144,7172,7.309676519799216,6.371267137310757,8.248085902287675,True,"['KXLLM1', 'LLM1', 'KXTOPAI']",0.5429745526334172,yes,17428,-9.28138627495983,"[('KXLLM1', 0.2937), ('KXSPACEXSTARSHIP', 0.1326), ('LLM1', 0.1286), ('KXAPPLEMENTION', 0.0876), ('KXDAILYGUESTMUSK', 0.0484)]"
World Events,taker,no,"[0.05,0.20)",12260,1872182,0.1088270799347469,0.2304241435562805,0.0108238172920063,12.159706362153305,11.422136673235933,12.897276051070678,11.077324632952704,0.3761058029429645,10.340157259184494,11.814492006720917,29.45268205455621,KXEPSTEINBILL,0.35880913539967374,12260,11.07732463295264,10.340144549263151,11.814504716642132,7861,23.920239155323646,22.874467295702996,24.966011014944293,True,"['KXEPSTEIN', 'KXEPSTEINBILL', 'KXARRESTJOHNBOLTON']",0.9077388981962774,yes,29412,-4.281687746498076,"[('KXEPSTEINBILL', 0.3588), ('KXEPSTEIN', 0.2162), ('KXARRESTJOHNBOLTON', 0.1715), ('KXLAGODAYS', 0.11), ('KXEPSTEINLIST', 0.0612)]"
World Events,maker,no,"[0.60,0.80)",23874,2320387,0.7094006031666266,0.8256680908100863,0.0099999999999998,11.626748764346146,11.152698005028148,12.100799523664149,10.626748764346122,0.2418626323051019,10.152698005028125,11.100799523664122,43.93712523123796,KXNEXTPOPE,0.33660048588422553,23874,10.626748764346228,10.152698005028228,11.100799523664227,15838,3.0879530243717723,2.4041317388454346,3.77177430989811,True,"['KXNEXTPOPE', 'KXEPSTEINLIST', 'KXEPSTEIN']",0.8885787668283651,yes,14195,-25.4365621697779,"[('KXNEXTPOPE', 0.3366), ('KXEPSTEIN', 0.2178), ('KXLAGODAYS', 0.1021), ('KXNOBELPEACE', 0.0955), ('KXEPSTEINLIST', 0.0873)]"
Science/Tech,maker,no,"[0.60,0.80)",13084,1074732,0.6981779272393759,0.8068633445429533,0.0099999999999999,10.868541730357691,10.183303700784544,11.55377975993084,9.868541730357675,0.3496112395781363,9.183303700784528,10.553779759930825,28.22718669532965,KXLLM1,0.3515744420666463,13084,9.868541730357713,9.183303700784565,10.553779759930858,8484,6.236327204149006,5.3341088735576,7.138545534740413,True,"['KXLLM1', 'LLM1', 'KXOAISOCIAL']",0.5855569830782529,yes,16703,-2.049811411123777,"[('KXLLM1', 0.3516), ('LLM1', 0.1163), ('KXAPPLEMENTION', 0.1041), ('KXSPACEXSTARSHIP', 0.0961), ('KXOAISOCIAL', 0.0503)]"
Media,taker,no,"[0.60,0.80)",29851,1518138,0.6937650329972196,0.8035911694750595,0.0199999999999999,10.982613647783994,10.532411241084182,11.432816054483808,8.982613647783992,0.2296951054590879,8.53241124108418,9.432816054483803,39.10668287785491,KXTSAW,0.10093464205554253,29851,8.982613647783994,8.532407209542022,9.432820086025965,26838,9.911617855279827,9.445052445354158,10.378183265205498,True,"['KXUFSD', 'KXLEBRONMENTION', 'KXVANCE']",0.33040159925408247,yes,44774,-21.4490105865011,"[('KXTSAW', 0.1009), ('KXAPRPOTUS', 0.055), ('KXEARNINGSMENTIONNVDA', 0.054), ('KXVANCEMENTION', 0.0433), ('KXUFSD', 0.042)]"
Media,maker,no,"[0.05,0.20)",25971,1594907,0.1154822686843017,0.2006468753609795,0.0099999999999999,8.516460667667786,8.035598766599431,8.997322568736143,7.516460667667784,0.2453377046267124,7.035598766599427,7.99732256873614,30.63720140002235,KXTSAW,0.12883600939509454,25971,7.516460667667782,7.035594942917678,7.997326392417886,22625,8.738165745856353,8.211655149353895,9.26467634235881,True,"['KXRANKLISTSONGTHRILLER', 'KXSNLMENTION', 'KXEARNINGSMENTIONNVDA']",0.18449338220940725,yes,23189,-5.377937815343484,"[('KXTSAW', 0.1288), ('KXVANCEMENTION', 0.046), ('KXEARNINGSMENTIONNVDA', 0.04), ('KXBERNIEMENTION', 0.0297), ('KXAPRPOTUS', 0.028)]"
Entertainment,maker,no,"[0.40,0.60)",134599,9338087,0.4906068395753312,0.567715956284965,0.0099999999999999,7.710911670963361,7.447461621947776,7.974361719978945,6.710911670963364,0.1344132903140738,6.447461621947779,6.9743617199789485,49.92744136597251,KXSPOTIFYD,0.05789047466920259,134599,6.710911670963364,6.447450159182154,6.974373182744574,126807,7.09636691980725,6.825041584321919,7.36769225529258,True,"['KXSUPERBOWLHEADLINE', 'KXRTMICKEY17', 'KXEMMYDSERIES']",0.17049083601399137,yes,85917,-4.814553580781444,"[('KXSPOTIFYD', 0.0579), ('KXSNFMENTION', 0.0518), ('KXTNFMENTION', 0.0459), ('KXSWIFTMENTION', 0.0395), ('KXMRBEASTMENTION', 0.0299)]"
Science/Tech,maker,no,"[0.20,0.40)",17483,1621482,0.2897786421094778,0.3655551106789452,0.0099999999999998,7.577646856946766,6.86213098830054,8.29316272559299,6.577646856946773,0.3650591166562378,5.862130988300547,7.293162725592999,18.01803203052368,KXSPACEXSTARSHIP,0.25916604701710233,17483,6.577646856946726,5.862047918653879,7.293245795239573,12952,-6.101142680667087,-6.8371726443450145,-5.36511271698916,False,"['KXCEOASTRONOMER', 'KXSPACEXSTARSHIP', 'KXTWITCHSUBSKAICENAT']",0.6010765843657025,yes,10351,-13.228770167133606,"[('KXSPACEXSTARSHIP', 0.2592), ('KXLLM1', 0.2591), ('KXCEOASTRONOMER', 0.1041), ('KXTWITCHSUBSKAICENAT', 0.0911), ('KXAPPLEMENTION', 0.0571)]"
Media,taker,no,"[0.20,0.40)",25778,1232535,0.3011785243230661,0.3831561796881061,0.0199999999999999,8.197765536503997,7.612396869451358,8.783134203556637,6.197765536503998,0.2986574831901219,5.612396869451359,6.783134203556637,20.75208519907928,KXTSAW,0.11602917216230894,25778,6.197765536503998,5.612368565424496,6.783162507583501,22787,8.107078597445918,7.478539776020596,8.73561741887124,True,"['KXTSAW', 'KXRANKLISTSONGTHRILLER', 'KXEARNINGSMENTIONTGT']",0.2313052164289465,yes,49846,-14.99113268868113,"[('KXTSAW', 0.116), ('KXEARNINGSMENTIONNVDA', 0.0677), ('KXVANCEMENTION', 0.06), ('KXSNLMENTION', 0.0452), ('KXBERNIEMENTION', 0.0307)]"
Media,maker,no,"[0.80,0.95)",33176,2083700,0.8658497106341934,0.9333554376657824,0.0099999999999999,6.750572703158911,6.482825119787908,7.018320286529914,5.750572703158907,0.1366059098831651,5.482825119787903,6.018320286529911,42.096075551029934,KXAPRPOTUS,0.13621292500602847,33176,5.750572703158909,5.482825086807769,6.018320319510048,28657,6.812715915832082,6.5440224817774295,7.0814093498867345,True,"['KXUFSD', 'KXTSAW', 'KXCONGRESSMENTION']",0.3087144071703167,yes,18275,1.1803556771545851,"[('KXAPRPOTUS', 0.1362), ('KXTSAW', 0.1114), ('KX538APPROVE', 0.0563), ('KXCONGRESSMENTION', 0.0448), ('KXLEBRONMENTION', 0.0352)]"
Entertainment,maker,no,"[0.20,0.40)",143232,10827910,0.2998225256925825,0.3662449731903485,0.0099999999999999,6.642244749776578,6.395378420734521,6.889111078818636,5.642244749776585,0.1259522086949272,5.395378420734527,5.889111078818641,44.79671145301502,KXSPOTIFYD,0.08903736595174262,143232,5.642244749776591,5.395369096783009,5.889120402770173,130479,6.464925390292697,6.204792813266955,6.725057967318439,True,"['KXEMMYDSERIES', 'KXOSCARACTR', 'KXOSCARPIC']",0.30946539098744424,yes,92239,-2.328461930419897,"[('KXSPOTIFYD', 0.089), ('KXAPPRANKFREE', 0.0426), ('KXEMMYDSERIES', 0.0394), ('KXTNFMENTION', 0.0314), ('KXSNFMENTION', 0.0286)]"
Science/Tech,maker,no,"[0.40,0.60)",15922,1275740,0.4911568898379597,0.5569023991960809,0.0099999999999998,6.574550935812135,5.818546101913989,7.33055576971028,5.574550935812099,0.3857167519888493,4.818546101913955,6.330555769710244,14.45244705361735,KXLLM1,0.3032282376585856,15922,5.574550935812069,4.81853422460227,6.330567647021869,11094,-3.362358031368351,-4.276617745972129,-2.4480983167645727,False,"['KXCEOASTRONOMER', 'KXLLM1', 'LLM1']",0.6845009756481857,yes,14021,-0.6722772983382166,"[('KXLLM1', 0.3032), ('KXCEOASTRONOMER', 0.1843), ('KXSPACEXSTARSHIP', 0.1604), ('KXAPPLEMENTION', 0.0712), ('LLM1', 0.0463)]"
Weather,maker,no,"[0.20,0.40)",241945,9479726,0.3037032796709969,0.3642108743722747,0.0100000000000001,6.050759470127563,5.860188247033269,6.241330693221857,5.05075947012754,0.0972302158644359,4.860188247033246,5.241330693221834,51.94639778615329,KXHIGHNY,0.23810370125441732,241945,5.0507594701275496,4.860188247033256,5.241330693221844,184337,3.4691733075834055,3.2530322139553216,3.68531440121149,True,"['KXHIGHNY', 'KXHIGHCHI', 'KXHIGHAUS']",0.6152410229169725,yes,439542,0.3507241628786234,"[('KXHIGHNY', 0.2381), ('KXHIGHAUS', 0.1442), ('KXHIGHMIA', 0.1288), ('KXHIGHLAX', 0.125), ('KXHIGHCHI', 0.1198)]"
Other,maker,yes,"[0.80,0.95)",49583,4792861,0.8691702801363369,0.9211221588044288,0.0099999999999999,5.1951878668091895,4.96053872771468,5.429837005903699,4.195187866809192,0.1197189485176068,3.9605387277146815,4.4298370059037016,35.04197053812425,KXJFKFILES,0.04084061069318113,49583,4.195187866809191,3.960116057293672,4.43025967632471,47558,3.94982968165188,3.705054311477303,4.194605051826457,True,"['KXALBUMSALESSWIFT', 'KXNEXTTEAMMICAH', 'KXBOLIVIAFIRSTROUND']",0.11179737017125774,no,112185,0.8668538574675727,"[('KXJFKFILES', 0.0408), ('KXTIPTAX', 0.0322), ('KXWHVISIT', 0.0211), ('KXSTATEFLIPDJT', 0.019), ('KXMEASLES', 0.0187)]"
World Events,maker,no,"[0,0.05)",1939,806470,0.0255286230015471,0.073749355337803,0.0099999999999999,4.822073233625581,3.666209038346228,5.977937428904932,3.822073233625587,0.5897266302445678,2.6662090383462345,4.97793742890494,6.481093166914508,KXOTEEPSTEIN,0.20887055183084063,1939,3.8220732336255883,2.6661746386527656,4.977971828598411,1534,5.698174706649293,4.251871679023817,7.144477734274767,True,"['KXEPSTEIN', 'KXARRESTJOHNBOLTON', 'KXEPSTEINBILL']",0.746323817726972,yes,6600,-0.5087878787878783,"[('KXOTEEPSTEIN', 0.2089), ('KXARRESTJOHNBOLTON', 0.1857), ('KXEPSTEINBILL', 0.165), ('KXLAGODAYS', 0.1588), ('KXEPSTEINLIST', 0.1129)]"
Media,taker,no,"[0.80,0.95)",23165,1396034,0.8687761709475503,0.9188862508094108,0.0120125188862507,5.011007986186056,4.658333121745308,5.363682850626804,3.809756097560975,0.1797368926940163,3.4574717878807024,4.162040407241247,21.19629443047452,KXTSAW,0.12657025685301102,23165,3.8097560975609754,3.4573964540987476,4.162115741023204,20233,4.464834676024316,4.101870511518661,4.827798840529971,True,"['KXUFSD', 'KXTSAW', 'KXVANCE']",0.346896160535919,yes,25642,-10.415841198034476,"[('KXTSAW', 0.1266), ('KXAPRPOTUS', 0.0986), ('KX538APPROVE', 0.068), ('KXUFSD', 0.0431), ('KXEARNINGSMENTIONNVDA', 0.0431)]"
Science/Tech,maker,no,"[0.80,0.95)",15152,1591496,0.8819640971488906,0.9264783526927138,0.0099999999999999,4.451425554382253,4.041388231946683,4.861462876817825,3.451425554382248,0.2092027155283527,3.041388231946677,3.861462876817819,16.49799595414183,KXLLM1,0.5909450897571278,15152,3.451425554382287,3.0413882319467156,3.8614628768178583,6198,3.5958373668925616,2.9464597228192453,4.245215010965878,True,"['KXLLM1', 'LLM1', 'KXRANKLISTAIWFCIS']",0.5281534560666429,yes,9138,0.2373604727511581,"[('KXLLM1', 0.5909), ('KXSPACEXSTARSHIP', 0.0921), ('LLM1', 0.061), ('KXRANKLISTAIWFCIS', 0.0463), ('KXAPPLEMENTION', 0.0385)]"
Media,maker,no,"[0,0.05)",12438,2136449,0.021927962694967,0.0654446052420003,0.01,4.35166425470333,3.9143071943597785,4.789021315046882,3.3516642547033317,0.2231413573181386,2.91430719435978,3.789021315046883,15.020363302374166,KXTSAW,0.0968001286380447,12438,3.35166425470333,2.9143071943597785,3.789021315046882,11234,3.9448994124977768,3.4670630665828073,4.422735758412745,True,"['KXEARNINGSMENTIONNIO', 'KXTSAW', 'KXSURVIVORMENTION']",0.1782594604853444,yes,14346,-1.387843301268644,"[('KXTSAW', 0.0968), ('KXEARNINGSMENTIONNVDA', 0.0549), ('KXVANCEMENTION', 0.0482), ('KXSURVIVORMENTION', 0.026), ('KXEARNINGSMENTIONAMZN', 0.0256)]"
Other,maker,no,"[0.20,0.40)",85810,5724648,0.2981784174338655,0.3404847919822864,0.0099999999999999,4.230637454842087,3.91601708488732,4.545257824796855,3.230637454842092,0.1605205969156979,2.9160170848873244,3.54525782479686,20.125999509824624,KXTIPTAX,0.03885328050343783,85810,3.230637454842098,2.9159127886372294,3.5453621210469666,82476,4.583866821863332,4.259851121573517,4.9078825221531455,True,"['KXALBUMSALESSWIFT', 'KXTIPTAX', 'KXDJTHANNITY']",0.09243715356287205,yes,88110,-3.1924072182499166,"[('KXTIPTAX', 0.0389), ('KXDJTHANNITY', 0.0227), ('KXSAUDIPLGAME', 0.0158), ('KXJAN6PARDON', 0.0147), ('KXSTARSHIPLAUNCH', 0.0136)]"
Other,maker,no,"[0.60,0.80)",126487,7987078,0.6981168815767628,0.7395463565425696,0.0099999999999999,4.14294749658068,3.901490693061215,4.3844043001001465,3.1429474965806823,0.123192246693605,2.9014906930612163,3.3844043001001483,25.512543044998583,KXELONTWEETS,0.03240649236680449,126487,3.1429474965806734,2.9014518659555377,3.3844431272058086,122388,3.110607249076704,2.8646617313500045,3.3565527668034036,True,"['KXDEMVASWEEP', 'KXSTATEDEEPKH', 'KXSWINGSWEEP24']",0.09647731700429749,yes,62091,0.889323734518686,"[('KXELONTWEETS', 0.0324), ('KXKNOXGOLD', 0.0298), ('KXWHVISIT', 0.0288), ('ADAMS', 0.0168), ('KXWL', 0.0166)]"
Weather,maker,no,"[0.05,0.20)",122206,7293429,0.1184881266058954,0.1573654321391748,0.0100000000000001,3.887730553327975,3.685943627060241,4.089517479595709,2.887730553327989,0.1029525134019048,2.685943627060256,3.0895174795957225,28.04915060261716,KXHIGHNY,0.2081730847912541,122206,2.8877305533279882,2.6859384513929845,3.0895226552629915,96766,2.4874542711282883,2.262934293767857,2.7119742484887195,True,"['KXHIGHAUS', 'KXHIGHCHI', 'KXHIGHNY']",0.6332518425528361,yes,470286,0.2574709857405949,"[('KXHIGHNY', 0.2082), ('KXHIGHCHI', 0.1396), ('KXHIGHAUS', 0.131), ('KXHIGHLAX', 0.1261), ('KXHIGHMIA', 0.1161)]"
Entertainment,maker,no,"[0.60,0.80)",145307,10794587,0.6979837172331694,0.7329653767540449,0.0099999999999999,3.4981659520876405,3.271898924796176,3.7244329793791047,2.4981659520876285,0.1154423608629919,2.2718989247961647,2.7244329793790927,21.63994164198076,KXSNFMENTION,0.06731265527469427,145307,2.498165952087645,2.2718947206192914,2.7244371835559984,135526,2.419889910423087,2.1852390205569,2.6545408002892743,True,"['KXEMMYDSERIES', 'KXOSCARACTR', 'KXOSCARACTO']",0.19820434338215737,yes,91986,-1.315450177200882,"[('KXSNFMENTION', 0.0673), ('KXTNFMENTION', 0.0643), ('KXSPOTIFYD', 0.0587), ('KXSOUTHPARKMENTION', 0.0324), ('KXAPPRANKFREE', 0.0294)]"
World Events,maker,no,"[0.80,0.95)",28389,7428810,0.8817556095670874,0.91401599210962,0.0099999999999999,3.226038254253427,2.905147647120022,3.546928861386832,2.226038254253452,0.1637196975170434,1.9051476471200468,2.546928861386857,13.596642847582336,KXNOBELPEACE,0.34791644651097253,28389,2.2260382542534636,1.9050962062166368,2.54698030229029,18512,-1.8492869490060058,-2.3295634328288357,-1.3690104651831756,False,"['KXNOBELPEACE', 'KXNEXTPOPE', 'KXEPSTEINLIST']",0.9444661196279361,yes,11861,-13.333951606103987,"[('KXNOBELPEACE', 0.3479), ('KXNEXTPOPE', 0.2818), ('KXEPSTEIN', 0.1192), ('KXLAGODAYS', 0.0953), ('KXEPSTEINLIST', 0.0499)]"
Other,maker,yes,"[0.40,0.60)",65554,4151459,0.490946547884187,0.5224242609146658,0.0099999999999999,3.1477713030478687,2.7681850638673,3.5273575422284376,2.147771303047872,0.1936664485615147,1.768185063867303,2.5273575422284407,11.090053641199862,KXPREEMPT,0.03813649815419349,65554,2.14777130304787,1.7679736449675993,2.527568961128141,63054,0.31312842960002835,-0.07479373351413528,0.701050592714192,False,"['KXPREEMPT', 'KXBLUEWALL', 'KXDEMVASWEEP']",0.13731794557583038,no,98753,0.9207213958057014,"[('KXPREEMPT', 0.0381), ('KXELONTWEETS', 0.0273), ('KXBLUEWALL', 0.022), ('KXDEMVASWEEP', 0.0151), ('KXDJTHANNITY', 0.0148)]"
Entertainment,taker,no,"[0.40,0.60)",87062,6798256,0.4916984447864739,0.5312421033286623,0.0199999999999999,3.954365854218832,3.624889308455944,4.283842399981721,1.9543658542188291,0.1681002784504533,1.6248893084559408,2.283842399981718,11.62619046341954,KXSPOTIFYD,0.05738439273161655,87062,1.954365854218822,1.624863870522275,2.283867837915369,82066,2.4675505081275944,2.128184679859027,2.806916336396162,True,"['KXSUPERBOWLHEADLINE', 'KXRTMICKEY17', 'KXRTMOANA2']",0.18169026159553017,yes,133425,-9.594686153269624,"[('KXSPOTIFYD', 0.0574), ('KXSNFMENTION', 0.0439), ('KXRTMICKEY17', 0.0365), ('KXTNFMENTION', 0.0338), ('KXSWIFTMENTION', 0.0336)]"
Science/Tech,maker,no,"[0.05,0.20)",10387,888804,0.113460094348705,0.1400789448348897,0.0099999999999999,2.661885048618431,2.0025261038086906,3.321243993428172,1.6618850486184629,0.336407624902929,1.002526103808722,2.321243993428204,4.940093284443248,KXLLM1,0.3408106286704535,10387,1.6618850486184666,1.002323693069506,2.3214464041674274,6847,8.893091865050392,7.942530025121358,9.843653704979427,True,"['KXLLM1', 'KXAPPLEMENTION', 'KXCEOASTRONOMER']",0.5768209582315439,yes,10483,-3.248020604788709,"[('KXLLM1', 0.3408), ('KXSPACEXSTARSHIP', 0.3244), ('KXSTREAMERHAIRCUT', 0.0582), ('KXAPPLEMENTION', 0.057), ('SPACEXCOUNT', 0.0256)]"
Entertainment,maker,yes,"[0.80,0.95)",79641,8350213,0.8758732311246717,0.9014075664544644,0.0099999999999999,2.553433532979244,2.3488728288739704,2.757994237084517,1.5534335329792457,0.1043677061761597,1.3488728288739724,1.7579942370845183,14.884235650031838,KXSPOTIFYD,0.10631458670785149,79641,1.553433532979241,1.3488476387156418,1.7580194272428402,71174,1.7431084384747224,1.52898779196961,1.9572290849798346,True,"['KXSONGSONCHARTTSWIFT', 'KXSNFMENTION', 'KXAPPRANKFREE']",0.21067703636058818,no,152529,0.5984435746644882,"[('KXSPOTIFYD', 0.1063), ('KXAPPRANKFREE', 0.0883), ('KXSONGSONCHARTTSWIFT', 0.0524), ('KXSNFMENTION', 0.0511), ('KXTNFMENTION', 0.0386)]"
Entertainment,maker,no,"[0.05,0.20)",106389,10492557,0.1147533109625996,0.1388677400859111,0.01,2.4114429123311574,2.2054491346713787,2.6174366899909365,1.4114429123311705,0.1050988661529483,1.2054491346713916,1.617436689990949,13.429668311331964,KXSPOTIFYD,0.15271315643534575,106389,1.4114429123311694,1.2054184519839855,1.6174673726783533,90142,1.356515275898033,1.1331784112107868,1.5798521405852792,True,"['KXAPPRANKFREE', 'KXSPOTIFYD', 'KXRTMICKEY17']",0.1766986983762681,yes,100164,0.3762828960504732,"[('KXSPOTIFYD', 0.1527), ('KXAPPRANKFREE', 0.137), ('KXSNFMENTION', 0.0314), ('KXTNFMENTION', 0.0278), ('KXNETFLIXRANKSHOW', 0.0276)]"
Weather,maker,no,"[0.40,0.60)",467980,14939915,0.5011814393777537,0.5231997093892902,0.0100000000000005,2.2018270011539407,2.0594842566178486,2.344169745690033,1.2018270011538943,0.0726238492531081,1.0594842566178022,1.3441697456899864,16.54865465703001,KXHIGHNY,0.2284328390102141,467980,1.201827001153897,1.0594842566178049,1.3441697456899888,361078,0.857130592282002,0.695105871347653,1.019155313216351,True,"['KXHIGHNY', 'KXRTSNOWWHITE', 'KXHURCAT']",0.524702573095076,yes,251948,-1.2074951974216954,"[('KXHIGHNY', 0.2284), ('KXHIGHAUS', 0.1536), ('KXHIGHLAX', 0.1375), ('KXHIGHCHI', 0.1252), ('KXHIGHMIA', 0.1245)]"
Media,maker,yes,"[0.80,0.95)",18275,1481838,0.870508344733242,0.892311901504788,0.0099999999999999,2.180355677154585,1.7398632932548188,2.620848061054351,1.1803556771545851,0.2247410121937583,0.7398632932548188,1.6208480610543516,5.252070664062653,KXTSAW,0.1520656634746922,18275,1.1803556771545836,0.7397751231123711,1.620936231196796,15496,0.4068791946308735,-0.08537832944797552,0.8991367187097224,False,"['KXRANKLISTSONGTHRILLER', 'KXTSAW', 'KXLEBRONMENTION']",0.4142770517441312,no,33176,5.750572703158907,"[('KXTSAW', 0.1521), ('KXRANKLISTSONGTHRILLER', 0.0841), ('KXEARNINGSMENTIONNVDA', 0.06), ('KXSURVIVORMENTION', 0.0372), ('KXBERNIEMENTION', 0.0354)]"
Media,maker,no,"[0.95,1]",24562,5123148,0.977682192003909,0.99751648888527,0.0099999999999999,1.983429688136144,1.918972635411945,2.0478867408603425,0.9834296881361488,0.0328862513898973,0.91897263541195,1.0478867408603476,29.9039764817421,KXAPRPOTUS,0.07825095676247863,24562,0.983429688136148,0.9189719372950926,1.0478874389772033,22640,0.9996024734982355,0.9426293739482198,1.0565755730482513,True,"['KXEARNINGSMENTIONDIS', 'KXEARNINGSMENTIONMSFT', 'KXCONGRESSMENTION']",0.4116646250724602,yes,16926,0.0885028949545096,"[('KXAPRPOTUS', 0.0783), ('KXCONGRESSMENTION', 0.0686), ('KXKAMALAMENTION', 0.066), ('KXVANCEMENTION', 0.0633), ('KXTSAW', 0.0473)]"
Entertainment,maker,yes,"[0.95,1]",48967,14704895,0.9729709804562292,0.9924234688667878,0.0099999999999999,1.945248841056218,1.8679852834442707,2.022512398668166,0.9452488410562306,0.0394201824550752,0.867985283444283,1.0225123986681783,23.978804312574443,KXSONGSONCHARTTSWIFT,0.085220658811036,48967,0.9452488410562285,0.8678789081119896,1.0226187740004675,44794,0.7654150109389684,0.6810502937555621,0.8497797281223746,True,"['KXSONGSONCHARTTSWIFT', 'KXTOP10BILLBOARDSPOTSTS', 'KXRTACOMPLETEUNKNOWN']",0.4990248729119286,no,107000,0.3779439252336505,"[('KXSONGSONCHARTTSWIFT', 0.0852), ('KXSNFMENTION', 0.0842), ('KXSPOTIFYD', 0.0766), ('KXTNFMENTION', 0.0683), ('KXTOPALBUMBYTAYLORSWIFT', 0.0464)]"
Other,maker,no,"[0.40,0.60)",98753,6523060,0.4983365568640952,0.5175437708221522,0.0099999999999999,1.920721395805692,1.6114856090451286,2.2299571825662547,0.9207213958057014,0.157773360592124,0.6114856090451383,1.2299571825662647,5.83572152073221,KXPREEMPT,0.02608528348505868,98753,0.9207213958057063,0.6114016176278589,1.2300411739835537,96177,2.243228630545774,1.9299057376534083,2.5565515234381393,True,"['KXPREEMPT', 'KXDEMVASWEEP', 'KXSTATEFLIPKH']",0.11838020678592033,yes,65554,2.147771303047872,"[('KXPREEMPT', 0.0261), ('KXELONTWEETS', 0.0199), ('KXLIGAMXGAME', 0.0158), ('KXALEAGUEGAME', 0.0142), ('KXDJTHANNITY', 0.0131)]"
Other,maker,yes,"[0.95,1]",25225,6594512,0.9751008919722496,0.9940931615460852,0.0099999999999999,1.8992269573835483,1.804747369741864,1.9937065450252327,0.8992269573835519,0.0482038712457574,0.8047473697418672,0.9937065450252364,18.6546626680465,KXTOP10TAYLORSWIFT,0.03615460852329039,25225,0.8992269573835511,0.8019882575798576,0.9964656571872446,24313,0.8229753629745434,0.722240934943948,0.9237097910051386,True,"['KXBUSINESSROUNDTABLE', 'KXUSAMBTOUN', 'KXTOP10TAYLORSWIFT']",0.351799688349446,no,50017,0.3006577763560418,"[('KXTOP10TAYLORSWIFT', 0.0362), ('KXSTATEFLIPDJT', 0.0249), ('KXJFKFILES', 0.0235), ('KXCALIREDISTRICTING', 0.0226), ('KXMEDIARELEASEJIMMYKIMMEL', 0.0185)]"
Other,maker,yes,"[0.60,0.80)",62091,4136907,0.6934966420254142,0.7123898793706012,0.0099999999999999,1.889323734518691,1.536498875606874,2.242148593430508,0.889323734518686,0.180012683118274,0.5364988756068689,1.2421485934305032,4.940339308949537,KXTIPTAX,0.051827156914850785,62091,0.8893237345186883,0.5364121710348089,1.2422352980025677,58873,-0.6983337013571604,-1.0661494659489335,-0.3305179367653874,False,"['KXTIPTAX', 'KXDJTFLAK', 'KXTRAVELBANS']",0.0983932873943292,no,126487,3.1429474965806823,"[('KXTIPTAX', 0.0518), ('KXSTARSHIPLAUNCH', 0.0188), ('KXASIACUPCRICKET', 0.0177), ('KXWHVISIT', 0.0171), ('KXJAN6PARDON', 0.0163)]"
Other,maker,no,"[0.80,0.95)",112185,9908934,0.8722794491242143,0.8909479876988903,0.0099999999999999,1.866853857467567,1.686485543153289,2.047222171781845,0.8668538574675727,0.0920246501603459,0.6864855431532948,1.0472221717818506,9.41980062903957,KXELONTWEETS,0.056362258768997635,112185,0.8668538574675774,0.6864109467545599,1.047296768180595,105862,0.9708016096427433,0.7861172147388419,1.1554860045466449,True,"['KXJREPODCAST', 'KXMEDIARELEASEJIMMYKIMMEL', 'KXGRAMROTY']",0.11435752145986622,yes,49583,4.195187866809192,"[('KXELONTWEETS', 0.0564), ('KXWHVISIT', 0.0327), ('ADAMS', 0.0284), ('KXWL', 0.0139), ('KXWALTZRESIGN', 0.0134)]"
Weather,maker,yes,"[0.80,0.95)",72987,4929097,0.868397385835833,0.8850617233205913,0.0099999999999999,1.6664337484757614,1.4380470413046331,1.8948204556468893,0.666433748475752,0.1165238301893511,0.4380470413046238,0.8948204556468801,5.719291473622158,KXHIGHNY,0.22276569800101387,72987,0.6664337484757514,0.43804704130462335,0.8948204556468796,56728,0.4280073332393138,0.16590282664467373,0.6901118398339537,True,"['KXHIGHNY', 'KXHIGHAUS', 'KXHMONTH']",0.566821369498154,no,420745,0.4508621611665103,"[('KXHIGHNY', 0.2228), ('KXHIGHCHI', 0.1478), ('KXHIGHLAX', 0.1224), ('KXHIGHAUS', 0.1176), ('KXHIGHMIA', 0.1061)]"
Entertainment,maker,no,"[0.80,0.95)",152529,16794385,0.8769211756452882,0.892905611391932,0.0099999999999999,1.5984435746644905,1.4454008479744471,1.7514863013545334,0.5984435746644882,0.0780830238214504,0.4454008479744452,0.7514863013545312,7.6641956903836945,KXSPOTIFYD,0.08399058539687534,152529,0.5984435746644865,0.4454002902031991,0.7514868591257738,139718,0.6293390973246075,0.46970098235066443,0.7889772122985503,True,"['KXSPOTIFYSONGSOPALITE', 'KXGRAMSOTY', 'KXOSCARPIC']",0.1571221129457677,yes,79641,1.5534335329792457,"[('KXSPOTIFYD', 0.084), ('KXOSCARPIC', 0.05), ('KXAPPRANKFREE', 0.037), ('KXSPOTIFYSONGSOPALITE', 0.0359), ('KXSUPERBOWLHEADLINE', 0.034)]"
Other,maker,no,"[0,0.05)",22484,5359306,0.021485945561288,0.036425902864259,0.0099999999999999,1.4939957302971014,1.2479457211771487,1.7400457394170536,0.493995730297101,0.1255357189387512,0.2479457211771486,0.7400457394170534,3.9351009774207855,KXBLUEWALL,0.027708592777085927,22484,0.49399573029710253,0.2437991017881282,0.7441923588060768,21861,0.5808517451168762,0.32362416155107654,0.838079328682676,True,"['KXDJTFRENCHREP', 'KXUSAMBTOUN', 'SEMIPRODH']",0.12305883501832332,yes,48763,-1.1622336607673796,"[('KXBLUEWALL', 0.0277), ('KXSTATEFLIPDJT', 0.0256), ('KXWHVISIT', 0.0202), ('KXTOP10TAYLORSWIFT', 0.0193), ('KXJFKFILES', 0.0193)]"
Science/Tech,maker,no,"[0.95,1]",9276,1915351,0.9703244933160908,0.985015092712376,0.0099999999999999,1.469059939629154,1.2218033759261642,1.716316503332144,0.4690599396291591,0.1261513080117296,0.2218033759261691,0.7163165033321492,3.718232866721809,KXLLM1,0.5482966796032773,9276,0.4690599396291617,0.22180220498939857,0.7163176742689248,4190,1.540572792362773,1.4364458529076307,1.644699731817915,True,"['KXLLM1', 'KXSPACEXSTARSHIP', 'LLM1']",0.7385104595390785,yes,3118,-0.2655548428479689,"[('KXLLM1', 0.5483), ('KXSPACEXSTARSHIP', 0.1652), ('LLM1', 0.0971), ('KXAPPLEMENTION', 0.0657), ('KXRANKLISTAIWFCIS', 0.0327)]"
Weather,maker,no,"[0.80,0.95)",420745,23237809,0.8709065348370193,0.8854151564486803,0.0100000000000004,1.4508621611664807,1.3553980965408938,1.5463262257920674,0.4508621611665103,0.0487061554212177,0.3553980965409234,0.5463262257920971,9.256779913491222,KXHIGHNY,0.19939868566471378,420745,0.4508621611665157,0.3553980965409289,0.5463262257921024,336849,0.38753566137944334,0.28054060869098796,0.4945307140678987,True,"['KXHIGHDEN', 'KXHIGHLAX', 'KXHMONTH']",0.38661653268435053,yes,72987,0.666433748475752,"[('KXHIGHNY', 0.1994), ('KXHIGHLAX', 0.1535), ('KXHIGHAUS', 0.1509), ('KXHIGHCHI', 0.1362), ('KXHIGHDEN', 0.124)]"
Other,taker,no,"[0.60,0.80)",86618,5429753,0.7015455217160406,0.7258652935879378,0.0199999999999999,2.431977187189735,2.135836772265641,2.728117602113829,0.4319771871897386,0.1510920484306601,0.1358367722656447,0.7281176021138325,2.859033229587747,KXKNOXGOLD,0.04060356969682976,86618,0.4319771871897345,0.13569141072108876,0.7282629636583803,83101,-0.835958652723792,-1.1417286122531976,-0.5301886931943866,False,"['KXSWINGSWEEP24', 'KXDEMVASWEEP', 'KXDEFICIT']",0.15561283572984794,yes,86867,-6.20655715058651,"[('KXKNOXGOLD', 0.0406), ('KXELONTWEETS', 0.0337), ('KXWHVISIT', 0.029), ('ADAMS', 0.0253), ('KXWL', 0.0172)]"
Entertainment,maker,no,"[0.95,1]",107000,32142881,0.9742299065420614,0.9880093457943924,0.0099999999999999,1.3779439252336438,1.312927547225342,1.4429603032419458,0.3779439252336505,0.033171621432807,0.3129275472253488,0.4429603032419522,11.393592140173798,KXSPOTIFYD,0.10421495327102803,107000,0.37794392523365067,0.3129272501330372,0.4429606003342641,95849,0.45850243612349134,0.391978685181797,0.5250261870651857,True,"['KXKIMMELMENTION', 'KXRTNOVOCAINE', 'KXSONGSONCHARTTSWIFT2']",0.3478938977956596,yes,48967,0.9452488410562306,"[('KXSPOTIFYD', 0.1042), ('KXOSCARPIC', 0.0517), ('KXTOP10BILLBOARDSPOTSTS', 0.0468), ('KXTOPMODEL', 0.0391), ('KXNETFLIXRANKMOVIE', 0.0257)]"
Entertainment,maker,yes,"[0.05,0.20)",100164,10193591,0.1106531288686554,0.1244159578291601,0.0099999999999999,1.37628289605047,1.1735422528322652,1.5790235392686751,0.3762828960504732,0.1034391036827576,0.1735422528322683,0.5790235392686782,3.6377238650918073,KXSPOTIFYD,0.12270875763747455,100164,0.37628289605047543,0.17351064560957868,0.5790551464913721,87873,0.20335028962251972,-0.012066709125429283,0.4187672883704687,False,"['KXRTALIENEARTH', 'KXSPOTIFYD', 'KXABORTION']",0.16533077117507572,no,106389,1.4114429123311705,"[('KXSPOTIFYD', 0.1227), ('KXAPPRANKFREE', 0.046), ('KXOSCARPIC', 0.0349), ('KXSNFMENTION', 0.0318), ('KXSPOTIFYSONGSOPALITE', 0.0254)]"
Weather,maker,no,"[0,0.05)",56295,8908738,0.0216694200195398,0.0352784439115374,0.0099999999999998,1.3609023891997518,1.209060781220418,1.512743997179086,0.3609023891997599,0.0774702081527214,0.2090607812204259,0.5127439971790939,4.658595837102858,KXHIGHNY,0.21211475264233057,56295,0.3609023891997615,0.20906078122042757,0.5127439971790955,44354,0.2773143346710658,0.10803292600188069,0.446595743340251,True,"['KXTORNADO', 'KXHIGHMIA', 'KXHIGHLAX']",0.49339779464057726,yes,262453,-0.4509455026233492,"[('KXHIGHNY', 0.2121), ('KXHIGHCHI', 0.1474), ('KXHIGHMIA', 0.1307), ('KXHIGHAUS', 0.1284), ('KXHIGHLAX', 0.1138)]"
Weather,maker,yes,"[0.20,0.40)",439542,16211223,0.2881135363628458,0.3016207779916367,0.0100000000000005,1.3507241628786053,1.21602280272767,1.4854255230295408,0.3507241628786234,0.0687251837504772,0.2160228027276881,0.4854255230295587,5.103284469227601,KXHIGHNY,0.20045865924075515,439542,0.35072416287862695,0.21602280272769162,0.48542552302956227,351432,-0.07855573766760401,-0.22858273148297736,0.07147125614776934,False,"['KXHIGHNY', 'KXHIGHCHI', 'KXHIGHAUS']",0.4860309249489648,no,241945,5.05075947012754,"[('KXHIGHNY', 0.2005), ('KXHIGHAUS', 0.1489), ('KXHIGHDEN', 0.1453), ('KXHIGHCHI', 0.1381), ('KXHIGHLAX', 0.138)]"
Science/Tech,taker,no,"[0.95,1]",6874,1308067,0.971793715449522,0.9851614780331684,0.0099999999999999,1.336776258364852,1.0538200482679565,1.619732468461748,0.3367762583648594,0.1443654133147427,0.0538200482679635,0.6197324684617553,2.332804309787318,KXLLM1,0.5545533895839395,6874,0.3367762583648576,0.049626478745017855,0.6239260379846974,3062,0.17700849118223602,-0.2437883955117638,0.5978053778762359,False,"['KXLLM1', 'SPACEXSTARSHIP', 'LLM1']",0.7226572029176243,yes,3623,-1.7620756279326473,"[('KXLLM1', 0.5546), ('KXSPACEXSTARSHIP', 0.1123), ('LLM1', 0.0768), ('KXAPPLEMENTION', 0.0602), ('KXRANKLISTAIWFCIS', 0.0256)]"
Weather,maker,no,"[0.60,0.80)",548031,20602636,0.6902843999700679,0.7033488981462728,0.0100000000000009,1.3064498176197916,1.1865850443945825,1.4263145908450008,0.3064498176198126,0.061155496543474,0.1865850443946035,0.4263145908450217,5.01099385894062,KXHIGHNY,0.19987008034217044,548031,0.30644981761979095,0.1865849838223236,0.4263146514172582,438496,0.7410124607749994,0.6076288804817992,0.8743960410681997,True,"['KXHIGHNY', 'KXHIGHCHI', 'KXHIGHPHIL']",0.4456810391304681,yes,125653,-2.2692096487947064,"[('KXHIGHNY', 0.1999), ('KXHIGHAUS', 0.1623), ('KXHIGHDEN', 0.1437), ('KXHIGHLAX', 0.1404), ('KXHIGHCHI', 0.137)]"
Other,maker,no,"[0.95,1]",50017,9332828,0.9734180378671266,0.9864246156306856,0.0099999999999999,1.3006577763560396,1.1987525226875326,1.4025630300245464,0.3006577763560418,0.0519924763614831,0.1987525226875348,0.4025630300245488,5.782716989006006,KXNYCLASTROUNDMARGIN,0.08445128656256873,50017,0.30065777635604185,0.19860455421379297,0.4027109984982907,45793,0.31974319219094927,0.20828912265053973,0.4311972617313588,True,"['KXSYNTHETIXTRADINGCOMP', 'KXNEWCOACHJAX', 'KXMAXWELLPARDON']",0.14513803489890492,yes,25225,0.8992269573835519,"[('KXNYCLASTROUNDMARGIN', 0.0845), ('KXELONTWEETS', 0.0407), ('KXEUROVISION', 0.0296), ('KXGRAMBNA', 0.0295), ('KXMAXWELLPARDON', 0.02)]"
Weather,maker,yes,"[0.05,0.20)",470286,22501431,0.1132763679973445,0.1258510778547522,0.0100000000000006,1.2574709857405786,1.1634956792209334,1.3514462922602235,0.2574709857405949,0.0479465849590025,0.1634956792209499,0.3514462922602399,5.36995462681543,KXHIGHNY,0.20317849138609273,470286,0.25747098574059085,0.16349566297796883,0.35144630850321285,374734,0.22357725746796356,0.1183020126665516,0.3288525022693755,True,"['KXHIGHCHI', 'KXHIGHMIA', 'KXHIGHAUS']",0.5289113361970834,no,122206,2.887730553327989,"[('KXHIGHNY', 0.2032), ('KXHIGHAUS', 0.1481), ('KXHIGHLAX', 0.1445), ('KXHIGHDEN', 0.139), ('KXHIGHCHI', 0.1357)]"
